insert into [role] values 
(1,'admin'),(2,'lecture'),(3,'student')

insert into account values 
('cuonghv','123',3),
('linhntd','123',3),
('sonnt','234',2),
('handg','123',3),
('trangvtt','123',3),
('admin','999',1)


INSERT [dbo].[Student] ([id], [name], [dob], [email], [imgUrl], [userName]) VALUES (N'he1', N'Ha Van Cuong', CAST(N'2003-01-01' AS Date), N'havancuong07122003@gmail.com', N'male.png', N'cuonghv')
INSERT [dbo].[Student] ([id], [name], [dob], [email], [imgUrl], [userName]) VALUES (N'he10', N'Le Thi Mai Phuong', CAST(N'2003-10-10' AS Date), N'lethimaiphuong@example.com', N'female.png', NULL)
INSERT [dbo].[Student] ([id], [name], [dob], [email], [imgUrl], [userName]) VALUES (N'he11', N'Pham Thi Thanh Nga', CAST(N'2003-11-11' AS Date), N'phamthithanhnga@example.com', N'male.png', NULL)
INSERT [dbo].[Student] ([id], [name], [dob], [email], [imgUrl], [userName]) VALUES (N'he12', N'Tran Thi Thu Hang', CAST(N'2003-12-12' AS Date), N'tranthithuhang@example.com', N'female.png', NULL)
INSERT [dbo].[Student] ([id], [name], [dob], [email], [imgUrl], [userName]) VALUES (N'he13', N'Vo Thi Kim Anh', CAST(N'2003-01-13' AS Date), N'vothikimanh@example.com', N'male.png', NULL)
INSERT [dbo].[Student] ([id], [name], [dob], [email], [imgUrl], [userName]) VALUES (N'he14', N'Nguyen Thi Huong Giang', CAST(N'2003-02-14' AS Date), N'nguyenthihuonggiang@example.com', N'female.png', NULL)
INSERT [dbo].[Student] ([id], [name], [dob], [email], [imgUrl], [userName]) VALUES (N'he15', N'Bui Thi Thanh Ha', CAST(N'2003-03-15' AS Date), N'buithithanhha@example.com', N'male.png', NULL)
INSERT [dbo].[Student] ([id], [name], [dob], [email], [imgUrl], [userName]) VALUES (N'he16', N'Nguyen Thi Thuy Linh', CAST(N'2003-04-16' AS Date), N'nguyenthithuylinh@example.com', N'female.png', NULL)
INSERT [dbo].[Student] ([id], [name], [dob], [email], [imgUrl], [userName]) VALUES (N'he17', N'Tran Thi Ngoc Tram', CAST(N'2003-05-17' AS Date), N'tranthingoctram@example.com', N'male.png', NULL)
INSERT [dbo].[Student] ([id], [name], [dob], [email], [imgUrl], [userName]) VALUES (N'he18', N'Ngo Thi Thanh Thuy', CAST(N'2003-06-18' AS Date), N'ngothithanhthuy@example.com', N'female.png', NULL)
INSERT [dbo].[Student] ([id], [name], [dob], [email], [imgUrl], [userName]) VALUES (N'he19', N'Le Thi Thanh Tam', CAST(N'2003-07-19' AS Date), N'lethithanhtam@example.com', N'male.png', NULL)
INSERT [dbo].[Student] ([id], [name], [dob], [email], [imgUrl], [userName]) VALUES (N'he2', N'Nguyen Thi Dieu Linh', CAST(N'2003-02-02' AS Date), N'cuonghvhe176362@fpt.edu.vn', N'female.png', N'linhntd')
INSERT [dbo].[Student] ([id], [name], [dob], [email], [imgUrl], [userName]) VALUES (N'he20', N'Phan Thi Phuong Anh', CAST(N'2003-08-20' AS Date), N'phanthiphuonganh@example.com', N'female.png', NULL)
INSERT [dbo].[Student] ([id], [name], [dob], [email], [imgUrl], [userName]) VALUES (N'he21', N'Hoang Thi Thu Hien', CAST(N'2003-09-21' AS Date), N'hoangthithuhien@example.com', N'male.png', NULL)
INSERT [dbo].[Student] ([id], [name], [dob], [email], [imgUrl], [userName]) VALUES (N'he22', N'Nguyen Thi Bich Ngoc', CAST(N'2003-10-22' AS Date), N'nguyenthibichngoc@example.com', N'female.png', NULL)
INSERT [dbo].[Student] ([id], [name], [dob], [email], [imgUrl], [userName]) VALUES (N'he23', N'Tran Thi Kim Chi', CAST(N'2003-11-23' AS Date), N'tranthikimchi@example.com', N'male.png', NULL)
INSERT [dbo].[Student] ([id], [name], [dob], [email], [imgUrl], [userName]) VALUES (N'he24', N'Vu Thi Lan Anh', CAST(N'2003-12-24' AS Date), N'vuthilanh@example.com', N'female.png', NULL)
INSERT [dbo].[Student] ([id], [name], [dob], [email], [imgUrl], [userName]) VALUES (N'he25', N'Pham Thi Huong Ly', CAST(N'2003-01-25' AS Date), N'phamthihuongly@example.com', N'male.png', NULL)
INSERT [dbo].[Student] ([id], [name], [dob], [email], [imgUrl], [userName]) VALUES (N'he26', N'Hoang Thi Thanh Nga', CAST(N'2003-02-26' AS Date), N'hoangthithanhnga@example.com', N'female.png', NULL)
INSERT [dbo].[Student] ([id], [name], [dob], [email], [imgUrl], [userName]) VALUES (N'he27', N'Tran Thi Thanh Tu', CAST(N'2003-03-27' AS Date), N'tranthithanhtu@example.com', N'male.png', NULL)
INSERT [dbo].[Student] ([id], [name], [dob], [email], [imgUrl], [userName]) VALUES (N'he28', N'Le Thi Thu Thao', CAST(N'2003-04-28' AS Date), N'lethithuthao@example.com', N'female.png', NULL)
INSERT [dbo].[Student] ([id], [name], [dob], [email], [imgUrl], [userName]) VALUES (N'he29', N'Nguyen Thi Thanh Mai', CAST(N'2003-05-29' AS Date), N'nguyenthithanhmai@example.com', N'male.png', NULL)
INSERT [dbo].[Student] ([id], [name], [dob], [email], [imgUrl], [userName]) VALUES (N'he3', N'Dinh Gian Han', CAST(N'2003-03-03' AS Date), N'dothuylinh2673@gmail.com', N'male.png', N'handg')
INSERT [dbo].[Student] ([id], [name], [dob], [email], [imgUrl], [userName]) VALUES (N'he30', N'Do Thi Thu Ha', CAST(N'2003-06-30' AS Date), N'dothithuha@example.com', N'female.png', NULL)
INSERT [dbo].[Student] ([id], [name], [dob], [email], [imgUrl], [userName]) VALUES (N'he31', N'Trinh Thi Thuy Linh', CAST(N'2003-07-31' AS Date), N'trinhthithuylinh@example.com', N'male.png', NULL)
INSERT [dbo].[Student] ([id], [name], [dob], [email], [imgUrl], [userName]) VALUES (N'he32', N'Le Thi Hong Loan', CAST(N'2003-08-01' AS Date), N'lethihongloan@example.com', N'female.png', NULL)
INSERT [dbo].[Student] ([id], [name], [dob], [email], [imgUrl], [userName]) VALUES (N'he33', N'Nguyen Thi Thanh Truc', CAST(N'2003-09-02' AS Date), N'nguyenthithanhtruc@example.com', N'male.png', NULL)
INSERT [dbo].[Student] ([id], [name], [dob], [email], [imgUrl], [userName]) VALUES (N'he34', N'Pham Thi Kim Ngan', CAST(N'2003-10-03' AS Date), N'phamthikimngan@example.com', N'female.png', NULL)
INSERT [dbo].[Student] ([id], [name], [dob], [email], [imgUrl], [userName]) VALUES (N'he35', N'Vo Thi Kim Anh', CAST(N'2003-11-04' AS Date), N'vothikimanh@example.com', N'male.png', NULL)
INSERT [dbo].[Student] ([id], [name], [dob], [email], [imgUrl], [userName]) VALUES (N'he36', N'Hoang Thi My Linh', CAST(N'2003-12-05' AS Date), N'hoangthimylinh@example.com', N'female.png', NULL)
INSERT [dbo].[Student] ([id], [name], [dob], [email], [imgUrl], [userName]) VALUES (N'he37', N'Bui Thi Thu Ha', CAST(N'2003-01-06' AS Date), N'buithithuha@example.com', N'male.png', NULL)
INSERT [dbo].[Student] ([id], [name], [dob], [email], [imgUrl], [userName]) VALUES (N'he38', N'Nguyen Thi Thanh Van', CAST(N'2003-02-07' AS Date), N'nguyenthithanhvan@example.com', N'female.png', NULL)
INSERT [dbo].[Student] ([id], [name], [dob], [email], [imgUrl], [userName]) VALUES (N'he39', N'Le Thi Thanh Nga', CAST(N'2003-03-08' AS Date), N'lethithanhnga@example.com', N'male.png', NULL)
INSERT [dbo].[Student] ([id], [name], [dob], [email], [imgUrl], [userName]) VALUES (N'he4', N'Do Thuy Linh', CAST(N'2003-04-04' AS Date), N'dothuylinh@example.com', N'female.png', NULL)
INSERT [dbo].[Student] ([id], [name], [dob], [email], [imgUrl], [userName]) VALUES (N'he40', N'Pham Thi Hong Anh', CAST(N'2003-04-09' AS Date), N'phamthihonganh@example.com', N'female.png', NULL)
INSERT [dbo].[Student] ([id], [name], [dob], [email], [imgUrl], [userName]) VALUES (N'he41', N'Tran Thi Thanh Thuy', CAST(N'2003-05-10' AS Date), N'tranthithanhthuy@example.com', N'male.png', NULL)
INSERT [dbo].[Student] ([id], [name], [dob], [email], [imgUrl], [userName]) VALUES (N'he42', N'Do Thi Ngoc Anh', CAST(N'2003-06-11' AS Date), N'dothingocanh@example.com', N'female.png', NULL)
INSERT [dbo].[Student] ([id], [name], [dob], [email], [imgUrl], [userName]) VALUES (N'he43', N'Nguyen Thi Thanh Huyen', CAST(N'2003-07-12' AS Date), N'nguyenthithanhhuyen@example.com', N'male.png', NULL)
INSERT [dbo].[Student] ([id], [name], [dob], [email], [imgUrl], [userName]) VALUES (N'he44', N'Hoang Thi Thu Trang', CAST(N'2003-08-13' AS Date), N'hoangthithutrang@example.com', N'female.png', NULL)
INSERT [dbo].[Student] ([id], [name], [dob], [email], [imgUrl], [userName]) VALUES (N'he45', N'Trinh Thi Thu Huong', CAST(N'2003-09-14' AS Date), N'trinhthithuhuong@example.com', N'male.png', NULL)
INSERT [dbo].[Student] ([id], [name], [dob], [email], [imgUrl], [userName]) VALUES (N'he46', N'Nguyen Thi Thanh Trang', CAST(N'2003-10-15' AS Date), N'nguyenthithanhtrang@example.com', N'female.png', NULL)
INSERT [dbo].[Student] ([id], [name], [dob], [email], [imgUrl], [userName]) VALUES (N'he47', N'Vu Thi Thanh Xuan', CAST(N'2003-11-16' AS Date), N'vuthithanhxuan@example.com', N'male.png', NULL)
INSERT [dbo].[Student] ([id], [name], [dob], [email], [imgUrl], [userName]) VALUES (N'he48', N'Le Thi Thanh Huong', CAST(N'2003-12-17' AS Date), N'lethithanhhuong@example.com', N'female.png', NULL)
INSERT [dbo].[Student] ([id], [name], [dob], [email], [imgUrl], [userName]) VALUES (N'he49', N'Tran Thi Thanh Thao', CAST(N'2003-01-18' AS Date), N'tranthithanhthao@example.com', N'male.png', NULL)
INSERT [dbo].[Student] ([id], [name], [dob], [email], [imgUrl], [userName]) VALUES (N'he5', N'Ha Van Nam', CAST(N'2003-05-05' AS Date), N'havannam@example.com', N'male.png', NULL)
INSERT [dbo].[Student] ([id], [name], [dob], [email], [imgUrl], [userName]) VALUES (N'he50', N'Nguyen Thi Thuy Trang', CAST(N'2003-02-19' AS Date), N'nguyenthithuytrang@example.com', N'female.png', NULL)
INSERT [dbo].[Student] ([id], [name], [dob], [email], [imgUrl], [userName]) VALUES (N'he51', N'Pham Thi Ngoc Trinh', CAST(N'2003-03-20' AS Date), N'phamthingoctrinh@example.com', N'male.png', NULL)
INSERT [dbo].[Student] ([id], [name], [dob], [email], [imgUrl], [userName]) VALUES (N'he52', N'Tran Thi Thanh Thuy', CAST(N'2003-04-21' AS Date), N'tranthithanhthuy@example.com', N'female.png', NULL)
INSERT [dbo].[Student] ([id], [name], [dob], [email], [imgUrl], [userName]) VALUES (N'he53', N'Hoang Thi Thanh Nga', CAST(N'2003-05-22' AS Date), N'hoangthithanhnga@example.com', N'male.png', NULL)
INSERT [dbo].[Student] ([id], [name], [dob], [email], [imgUrl], [userName]) VALUES (N'he54', N'Nguyen Thi Kim Ngan', CAST(N'2003-06-23' AS Date), N'nguyenthikimngan@example.com', N'female.png', NULL)
INSERT [dbo].[Student] ([id], [name], [dob], [email], [imgUrl], [userName]) VALUES (N'he55', N'Do Thi Thu Ha', CAST(N'2003-07-24' AS Date), N'dothithuha@example.com', N'male.png', NULL)
INSERT [dbo].[Student] ([id], [name], [dob], [email], [imgUrl], [userName]) VALUES (N'he56', N'Nguyen Thi Thuy Linh', CAST(N'2003-08-25' AS Date), N'nguyenthithuylinh@example.com', N'female.png', NULL)
INSERT [dbo].[Student] ([id], [name], [dob], [email], [imgUrl], [userName]) VALUES (N'he57', N'Le Thi Thanh Thuy', CAST(N'2003-09-26' AS Date), N'lethithanhthuy@example.com', N'male.png', NULL)
INSERT [dbo].[Student] ([id], [name], [dob], [email], [imgUrl], [userName]) VALUES (N'he58', N'Tran Thi Thanh Thao', CAST(N'2003-10-27' AS Date), N'tranthithanhthao@example.com', N'female.png', NULL)
INSERT [dbo].[Student] ([id], [name], [dob], [email], [imgUrl], [userName]) VALUES (N'he59', N'Nguyen Thi Thanh Hang', CAST(N'2003-11-28' AS Date), N'nguyenthithanhhang@example.com', N'male.png', NULL)
INSERT [dbo].[Student] ([id], [name], [dob], [email], [imgUrl], [userName]) VALUES (N'he6', N'Ha Thi Thuong', CAST(N'2003-06-06' AS Date), N'hathithuong@example.com', N'female.png', NULL)
INSERT [dbo].[Student] ([id], [name], [dob], [email], [imgUrl], [userName]) VALUES (N'he60', N'Vu Thi Thu Trang', CAST(N'2003-12-29' AS Date), N'vuthithutrang@example.com', N'female.png', N'trangvtt')
INSERT [dbo].[Student] ([id], [name], [dob], [email], [imgUrl], [userName]) VALUES (N'he7', N'Trinh Thi Trang', CAST(N'2003-07-07' AS Date), N'trinhthitrang@example.com', N'male.png', NULL)
INSERT [dbo].[Student] ([id], [name], [dob], [email], [imgUrl], [userName]) VALUES (N'he8', N'Nguyen Thi Thanh Huyen', CAST(N'2003-08-08' AS Date), N'nguyenthithanhhuyen@example.com', N'female.png', NULL)
INSERT [dbo].[Student] ([id], [name], [dob], [email], [imgUrl], [userName]) VALUES (N'he9', N'Hoang Thi Ngoc Anh', CAST(N'2003-09-09' AS Date), N'hoangthingocanh@example.com', N'male.png', NULL)








INSERT INTO Lecture (id, name, dob, email,userName) VALUES
(1, 'Ngo Tung Son', '1970-01-01', 'sonnt@example.com','sonnt'),
(2, 'Nguyen Ngoc Anh', '1975-02-02', 'anhnn@example.com',null),
(3, 'Vu Tien Dung', '1980-03-03', 'dungvt@example.com',null),
(4, 'Nguyen Thi Hai Yen', '1985-04-04', 'yenntt@example.com',null),
(5, 'Hoang Van E', '1990-05-05', 'hoangvane@example.com',null),
(6, 'Nguyen Thi F', '1995-06-06', 'nguyenthif@example.com',null),
(7, 'Tran Van G', '2000-07-07', 'tranvang@example.com',null),
(8, 'Le Thi H', '2005-08-08', 'lethih@example.com',null),
(9, 'Pham Van I', '2010-09-09', 'phamvani@example.com',null),
(10, 'Nguyen Van K', '2015-10-10', 'nguyenvank@example.com',null);




INSERT INTO course (code, [description]) VALUES

('CSI104', 'Introduction to Computer Science'),
('PRF192', 'Programming Fundamentals'),
('MAE101', 'Mathematics for Engineering'),
('CEA201', 'Computer Organization and Architecture'),

('PRO192', 'Object-Oriented Programming'),
('MAD101', 'Discrete mathematics'),
('OSG202', 'Operating Systems'),
( 'SSG104', 'Communication and In-Group Working Skills'),

( 'JPD113', 'Elementary Japanese 1-A1.1'),
( 'CSD201', 'Data Structures and Algorithms'),
( 'DBI202', 'Introduction to Databases'),

( 'MAS291', 'Statistics and Probability'),
( 'JPD123', 'Elementary Japanese 1-A1.2'),
( 'IOT102', 'Internet vạn vật'),
( 'PRJ301', 'Java Web Application Development')



insert into mark_course(gradeCategory,gradeItem,[weight],courseId) values


('Group presentation','Group presentation 1','5',1),
('Group presentation','Group presentation 2','5',1),
('Lab','Lab 1','10',1),
('Lab','Lab 2','10',1),
('Progress test','Progress test 1','10',1),
('Progress test','Progress test 2','10',1),
('Progress test','Progress test 3','10',1),
('Final exam','Final exam','40',1),
('Final exam Resit','Final exam Resit' ,'40',1),
('Assignment','Assignment','10',2),
('Progress test','Progress test 1','5',2),
('Progress test','Progress test 2','5',2),
('Workshop','Workshop 1','2',2),
('Workshop','Workshop 2','2',2),
('Workshop','Workshop 3','2',2),
('Workshop','Workshop 4','2',2),
('Workshop','Workshop 5','2',2),
('Practical Exam','Practical Exam','40',2),
('Final Exam','Final Exam','30',2),
('Final Exam Resit','Final Exam Resit','30',2),
('Assignment','Assignment 1','10',3),
('Assignment','Assignment 2','10',3),
('Assignment','Assignment 3','10',3),
('Progress test','Progress test 1','10',3),
('Progress test','Progress test 2','10',3),
('Progress test','Progress test 3','10',3),
('Final Exam','Final Exam','40',3),
('Final Exam Resit','Final Exam Resit','40',3),
('Assignment','Assignment 1','15',4),
('Assignment','Assignment 2','15',4),
('Exercises','Exercises 1','7.5',4),
('Exercises','Exercises 2','7.5',4),
('Exercises','Exercises 3','7.5',4),
('Exercises','Exercises 4','7.5',4),
('Final Exam','Final Exam','40',4),
('Final Exam Resit','Final Exam Resit','40',4),

('Lab','Lab 1','1.67',5),
('Lab','Lab 2','1.67',5),
('Lab','Lab 3','1.67',5),
('Lab','Lab 4','1.67',5),
('Lab','Lab 5','1.67',5),
('Lab','Lab 6','1.67',5),
('Progress Test','Progress Test 1','5',5),
('Progress Test','Progress Test 2','5',5),
('Assignment','Assignment','20',5),
('Practical Exam','Practical Exam','30',5),
('Final Exam','Final Exam','30',5),
('Final Exam Resit','Final Exam Resit','30',5),
('Assignment','Assignment 1','10',6),
('Assignment','Assignment 2','10',6),
('Assignment','Assignment 3','10',6),
('Progress Test','Progress Test 1','10',6),
('Progress Test','Progress Test 2','10',6),
('Progress Test','Progress Test 3','10',6),
('Final Exam','Final Exam','40',6),
('Final Exam Resit','Final Exam Resit','40',6),
('Lab','Lab 1','5',7),
('Lab','Lab 2','5',7),
('Lab','Lab 3','5',7),
('Lab','Lab 4','5',7),
('Presentation','Presentation','20',7),
('Progress test','Progress test 1','10',7),
('Progress test','Progress test 2','10',7),
('Final Exam','Final Exam','40',7),
('Final exam Resit','Final exam Resit','40',7),

('Quiz','Quiz','5',8),
('Participation','Participation','10',8),
('Activity','Activity','5',8),
('Activity','Activity','5',8),
('Activity','Activity','5',8),
('Group asm','Group asm 1','10',8),
('Group asm','Group asm 2','10',8),
('Group project','Group project 1','10',8),
('Group project','Group project 2','10',8),
('Group project','Group project 3','10',8),
('Final Exam','Final Exam','20',8),
('Final Exam Resit','Final Exam Resit','20',8),

('Participation','Participation','10',9),
('Progress test','Progress test 1','10',9),
('Progress test','Progress test 2','10',9),
('Mid-term test','Mid-term test','30',9),
('Final Exam','FE: Listening','10',9),
('Final Exam','FE: GVR','30',9),
('Final Exam Resit','FE: Listening Resit','10',9),
('Final Exam Resit','FE: GVR Resit','30',9),
('Assignment','Assignment 1','10',10),
('Assignment','Assignment 2','10',10),
('Progress test','Progress test 1 ','10',10),
('Progress test','Progress test 2','10',10),
('Practical Exam','Practical Exam','30',10),
('Final Exam','Final Exam','30',10),
('Final Exam Resit','Final Exam Resit','30',10),

('Lab','Lab 1','2',11),
('Lab','Lab 2','2',11),
('Lab','Lab 3','2',11),
('Lab','Lab 4','2',11),
('Lab','Lab 5','2',11),
('Progress Test','Progress Test 1','5',11),
('Progress Test','Progress Test 2','5',11),
('Assignment','Assignment','20',11),
('Practical Exam','Practical Exam','30',11),
('Final Exam','Final Exam','30',11),
('Final Exam Resit','Final Exam Resit','30',11),



('Computer Project','Computer Project','15',12),
('Assignment','Assignment 1','10',12),
('Assignment','Assignment 2','10',12),
('Progress Test','Progress Test 1','10',12),
('Progress Test','Progress Test 2','10',12),
('Progress Test','Progress Test 3','10',12),
('Final Exam','Final Exam','35',12),
('Final Exam Resit','Final Exam Resit','35',12),
('Participation','Participation','10',13),
('Progress test','Progress test 1','10',13),
('Progress test','Progress test 2','10',13),
('Mid-term test','Mid-term test','30',13),
('Final Exam','FE: Listening','10',13),
('Final Exam','FE: GVR','30',13),
('Final Exam Resit','FE: Listening Resit','10',13),
('Final Exam Resit','FE: GVR Resit','30',13),
('Active learning','Active learning','10',14),
('Exercise','Exercise 1','5',14),
('Exercise','Exercise 2','5',14),
('Presentation','Presentation','10',14),
('Project','Project','30',14),
('Final Exam','Final Exam','40',14),
('Final Exam Resit','Final Exam Resit','40',14),

('Progress test 1','Progress test 1','5',15),
('Progress test 2','Progress test 2','5',15),
('Workshop 1','Workshop 1','5',15),
('Workshop 2','Workshop 2','5',15),
('Practical Exam','Practical Exam','20',15),
('Assignment','Assignment','40',15),
('Final Exam','Final Exam','20',15),
('Final Exam Resit','Final Exam Resit','20',15)








insert into  timeslot values
('7h30-10h'),
('10h-12h30'),
('12h40-3h10'),
('3h10-5h40'),
('5h50-7h30'),
('7h30-9h')

insert into room values
('be101'),
('be102'),
('al201'),
('al202'),
('de201')


insert into term values 
(1,'sp23','Spring 2023','2023-01-01','2023-03-31'),
(2,'su23','Summer 2023','2023-04-01','2023-08-31'),
(3,'fa23','Fall 2023','2023-09-01','2023-12-31'),
(4,'sp24','Spring 2024','2024-01-01','2024-03-31')




INSERT INTO [Group] ([name], courseId, termID, roomID, timeSlotID, lectureid, timeStart, timeEnd, firstday, secondday) VALUES




('se1815', 5, 2, 1, 2, '10', '2023-05-08', '2023-07-23', '2023-05-09', '2023-05-12'),
('se1815', 6, 2, 1, 2, '9', '2023-05-08', '2023-07-23', '2023-05-08', '2023-05-10'),
('se1815', 7, 2, 1, 1, '8', '2023-05-08', '2023-07-23', '2023-05-09', '2023-05-12'),
('se1815', 8, 2, 1, 1, '7', '2023-05-08', '2023-07-23', '2023-05-08', '2023-05-10'),

('Se1817',9,3,1,2,'5','2023-09-04','2023-11-12','2023-09-05','2023-09-08'),
('Se1817',10,3,1,2,'6','2023-09-04','2023-11-12','2023-09-04','2023-09-07'),
('Se1817',11,3,1,1,'7','2023-09-04','2023-11-12','2023-09-04','2023-09-07'),

('se1817', 12, 4, 1, 3, '3', '2024-01-01', '2024-03-24', '2024-01-02', '2024-01-04'),
('se1817', 13, 4, 1, 4, '2', '2024-01-01', '2024-03-24', '2024-01-02', '2024-01-04'),
('se1817', 14, 4, 1, 3, '4', '2024-01-01', '2024-03-24', '2024-01-03', '2024-01-05'),
('se1817', 15, 4, 1, 4, '1', '2024-01-01', '2024-03-24', '2024-01-03', '2024-01-05')




insert into student_group values
('he1',1),
('he2',1),
('he3',1),
('he4',1),
('he5',1),

('he1',2),
('he2',2),
('he3',2),
('he4',2),

('he1',3),
('he2',3),
('he3',3),
('he4',3),

('he1',4),
('he2',4),
('he3',4),
('he4',4),
('he5',4),

('he1',5),
('he2',5),
('he3',5),
('he4',5),
('he5',5),

('he1',6),
('he2',6),
('he3',6),

('he1',7),
('he2',7),
('he3',7),

('he1',8),
('he2',8),
('he3',8),

('he1',9),
('he2',9),
('he3',9),

('he1',10),
('he2',10),
('he3',10),

('he1',11),
('he2',11),
('he3',11)


insert into feedback values 
(NULL,'he1',8,0),
(NULL,'he2',8,0),
(NULL,'he3',8,0),

(NULL,'he1',9,0),
(NULL,'he2',9,0),
(NULL,'he3',9,0),

(NULL,'he1',10,0),
(NULL,'he2',10,0),
(NULL,'he3',10,0),

(NULL,'he1',11,0),
(NULL,'he2',11,0),
(NULL,'he3',11,0)






















